Amila,Amilović,amila.amilovic@example.com,0601122334,Biznis,1960-01-15
Belma,Belmović,belma.belmovic@example.com,061112233,Rodbina,1965-04-25
Emir,Emirović,emir.emirovic@example.com,062112233,Prijatelji,1970-07-09
Hana,Hanić,hana.hanic@example.com,063112233,Dating,1975-10-15
Ilda,Ildić,ilda.ildic@example.com,066112233,Biznis,1980-01-25
Jasmin,Jasminović,jasmin.jasminovic@example.com,063122233,Rodbina,1985-05-21
Kenan,Kenanović,kenan.kenanovic@example.com,0601222334,Prijatelji,1990-05-26
Lejla,Lejlić,lejla.lejlic@example.com,063222233,Dating,1995-10-25
Merima,Merimović,merima.merimovic@example.com,066122233,Biznis,2000-01-05
Nedim,Nedimović,nedim.nedimovic@example.com,061122233,Rodbina,2005-04-15
Selma,Selmović,selma.selmovic@example.com,066222233,Prijatelji,1978-07-25
Anesa,Anesić,anesa.anesic@example.com,0602222334,Dating,1983-10-05
Mirza,Mirzić,mirza.mirzic@example.com,063222333,Biznis,1988-01-15
Ema,Emović,ema.emovic@example.com,062122233,Rodbina,1993-04-25
Adis,Adisović,adis.adisovic@example.com,063223333,Prijatelji,1998-05-19
